John,Mackenzie,bugembe@chals.co
Tom,Riddle,voldemort@harrypotter.com
Magnus,Chase,magchase@books.org
gilbert,robert,grob@gmail.com
John,Mackenzie,bugembe@chals.co
Tom,Riddle,voldemort@harrypotter.com
Magnus,Chase,magchase@books.org
gilbert,robert,grob@gmail.com
John,Mackenzie,bugembe@chals.co
Tom,Riddle,voldemort@harrypotter.com
Magnus,Chase,magchase@books.org
gilbert,robert,grob@gmail.com
John,Mackenzie,bugembe@chals.co
Tom,Riddle,voldemort@harrypotter.com
Magnus,Chase,magchase@books.org
gilbert,robert,grob@gmail.com
John,Mackenzie,bugembe@chals.co
Tom,Riddle,voldemort@harrypotter.com
Magnus,Chase,magchase@books.org
gilbert,robert,grob@gmail.com
